[
  {
    "pk": 1, 
    "model": "salary_calculator_app.tipocargo", 
    "fields": {
      "nombre": "Profesor Titular"
    }
  }, 
  {
    "pk": 2, 
    "model": "salary_calculator_app.tipocargo", 
    "fields": {
      "nombre": "Profesor Asistente (JTP)"
    }
  }, 
  {
    "pk": 3, 
    "model": "salary_calculator_app.tipocargo", 
    "fields": {
      "nombre": "Profesor Asociado"
    }
  }, 
  {
    "pk": 4, 
    "model": "salary_calculator_app.tipocargo", 
    "fields": {
      "nombre": "Profesor Adjunto"
    }
  }, 
  {
    "pk": 5, 
    "model": "salary_calculator_app.tipocargo", 
    "fields": {
      "nombre": "Profesor Ayudante (Aux.)"
    }
  }, 
  {
    "pk": 6, 
    "model": "salary_calculator_app.tipocargo", 
    "fields": {
      "nombre": "Profesor Ayudante (Aux) 2\u00ba"
    }
  }, 
  {
    "pk": 7, 
    "model": "salary_calculator_app.tipocargo", 
    "fields": {
      "nombre": "Vice Director de 1\u00ba"
    }
  }, 
  {
    "pk": 8, 
    "model": "salary_calculator_app.tipocargo", 
    "fields": {
      "nombre": "Regente de 1\u00b0"
    }
  }, 
  {
    "pk": 9, 
    "model": "salary_calculator_app.tipocargo", 
    "fields": {
      "nombre": "Jefe Gral Ens.Pr\u00e1ctica"
    }
  }, 
  {
    "pk": 10, 
    "model": "salary_calculator_app.tipocargo", 
    "fields": {
      "nombre": "Profesor TC"
    }
  }, 
  {
    "pk": 11, 
    "model": "salary_calculator_app.tipocargo", 
    "fields": {
      "nombre": "Profesor Ayudante (Aux.) 1\u00b0"
    }
  }, 
  {
    "pk": 12, 
    "model": "salary_calculator_app.tipocargo", 
    "fields": {
      "nombre": "Vice Director de 1\u00b0"
    }
  }, 
  {
    "pk": 13, 
    "model": "salary_calculator_app.tipocargo", 
    "fields": {
      "nombre": "Vice Director de 1\u00b0"
    }
  }, 
  {
    "pk": 14, 
    "model": "salary_calculator_app.tipocargo", 
    "fields": {
      "nombre": "Vice Director de 1\u00b0"
    }
  }, 
  {
    "pk": 15, 
    "model": "salary_calculator_app.tipocargo", 
    "fields": {
      "nombre": "Vice Director de 1\u00b0"
    }
  }, 
  {
    "pk": 16, 
    "model": "salary_calculator_app.tipocargo", 
    "fields": {
      "nombre": "Vice Director de 1\u00b0"
    }
  }, 
  {
    "pk": 17, 
    "model": "salary_calculator_app.tipocargo", 
    "fields": {
      "nombre": "Vice Director de 1\u00b0"
    }
  }, 
  {
    "pk": 18, 
    "model": "salary_calculator_app.tipocargo", 
    "fields": {
      "nombre": "Vice Director de 1\u00b0"
    }
  }, 
  {
    "pk": 19, 
    "model": "salary_calculator_app.tipocargo", 
    "fields": {
      "nombre": "Vice Director de 1\u00b0"
    }
  }, 
  {
    "pk": 20, 
    "model": "salary_calculator_app.tipocargo", 
    "fields": {
      "nombre": "Vice Director de 1\u00b0"
    }
  }, 
  {
    "pk": 21, 
    "model": "salary_calculator_app.tipocargo", 
    "fields": {
      "nombre": "Vice Director de 1\u00b0"
    }
  }, 
  {
    "pk": 22, 
    "model": "salary_calculator_app.tipocargo", 
    "fields": {
      "nombre": "Vice Director de 1\u00b0"
    }
  }, 
  {
    "pk": 23, 
    "model": "salary_calculator_app.tipocargo", 
    "fields": {
      "nombre": "Vice Director de 1\u00b0"
    }
  }, 
  {
    "pk": 24, 
    "model": "salary_calculator_app.tipocargo", 
    "fields": {
      "nombre": "Vice Director de 1\u00b0"
    }
  }, 
  {
    "pk": 25, 
    "model": "salary_calculator_app.tipocargo", 
    "fields": {
      "nombre": "Regente de 1\u00b0"
    }
  }, 
  {
    "pk": 26, 
    "model": "salary_calculator_app.tipocargo", 
    "fields": {
      "nombre": "Vice Director de 1\u00b0"
    }
  }, 
  {
    "pk": 27, 
    "model": "salary_calculator_app.tipocargo", 
    "fields": {
      "nombre": "Regente de 1\u00b0"
    }
  }, 
  {
    "pk": 28, 
    "model": "salary_calculator_app.tipocargo", 
    "fields": {
      "nombre": "Vice Director de 1\u00b0"
    }
  }, 
  {
    "pk": 29, 
    "model": "salary_calculator_app.tipocargo", 
    "fields": {
      "nombre": "Regente de 1\u00b0"
    }
  }, 
  {
    "pk": 30, 
    "model": "salary_calculator_app.tipocargo", 
    "fields": {
      "nombre": "Vice Director de 1\u00b0"
    }
  }, 
  {
    "pk": 31, 
    "model": "salary_calculator_app.tipocargo", 
    "fields": {
      "nombre": "Regente de 1\u00b0"
    }
  }, 
  {
    "pk": 1, 
    "model": "salary_calculator_app.garantiasalarial", 
    "fields": {
      "anio": "2011", 
      "mes": "MAR", 
      "valor": 5679.02
    }
  }, 
  {
    "pk": 2, 
    "model": "salary_calculator_app.garantiasalarial", 
    "fields": {
      "anio": "2011", 
      "mes": "MAR", 
      "valor": 2839.51
    }
  }, 
  {
    "pk": 3, 
    "model": "salary_calculator_app.garantiasalarial", 
    "fields": {
      "anio": "2012", 
      "mes": "MAR", 
      "valor": 6913.58
    }
  }, 
  {
    "pk": 4, 
    "model": "salary_calculator_app.garantiasalarial", 
    "fields": {
      "anio": "2012", 
      "mes": "MAR", 
      "valor": 3456.79
    }
  }, 
  {
    "pk": 5, 
    "model": "salary_calculator_app.garantiasalarial", 
    "fields": {
      "anio": "2012", 
      "mes": "JUN", 
      "valor": 6913.58
    }
  }, 
  {
    "pk": 6, 
    "model": "salary_calculator_app.garantiasalarial", 
    "fields": {
      "anio": "2012", 
      "mes": "JUN", 
      "valor": 3456.79
    }
  }, 
  {
    "pk": 7, 
    "model": "salary_calculator_app.garantiasalarial", 
    "fields": {
      "anio": "2012", 
      "mes": "MAR", 
      "valor": 5600.0
    }
  }, 
  {
    "pk": 8, 
    "model": "salary_calculator_app.garantiasalarial", 
    "fields": {
      "anio": "2012", 
      "mes": "JUN", 
      "valor": 5600.0
    }
  }, 
  {
    "pk": 9, 
    "model": "salary_calculator_app.garantiasalarial", 
    "fields": {
      "anio": "2012", 
      "mes": "JUN", 
      "valor": 2464.76
    }
  }, 
  {
    "pk": 10, 
    "model": "salary_calculator_app.garantiasalarial", 
    "fields": {
      "anio": "2012", 
      "mes": "MAR", 
      "valor": 2464.76
    }
  }, 
  {
    "pk": 11, 
    "model": "salary_calculator_app.garantiasalarial", 
    "fields": {
      "anio": "2012", 
      "mes": "MAR", 
      "valor": 5600.0
    }
  }, 
  {
    "pk": 12, 
    "model": "salary_calculator_app.garantiasalarial", 
    "fields": {
      "anio": "2012", 
      "mes": "JUN", 
      "valor": 5600.0
    }
  }, 
  {
    "pk": 13, 
    "model": "salary_calculator_app.garantiasalarial", 
    "fields": {
      "anio": "2012", 
      "mes": "MAR", 
      "valor": 5600.0
    }
  }, 
  {
    "pk": 14, 
    "model": "salary_calculator_app.garantiasalarial", 
    "fields": {
      "anio": "2012", 
      "mes": "JUN", 
      "valor": 5600.0
    }
  }, 
  {
    "pk": 15, 
    "model": "salary_calculator_app.garantiasalarial", 
    "fields": {
      "anio": "2012", 
      "mes": "MAR", 
      "valor": 5600.0
    }
  }, 
  {
    "pk": 16, 
    "model": "salary_calculator_app.garantiasalarial", 
    "fields": {
      "anio": "2012", 
      "mes": "JUN", 
      "valor": 5600.0
    }
  }, 
  {
    "pk": 17, 
    "model": "salary_calculator_app.garantiasalarial", 
    "fields": {
      "anio": "2012", 
      "mes": "MAR", 
      "valor": 5600.0
    }
  }, 
  {
    "pk": 18, 
    "model": "salary_calculator_app.garantiasalarial", 
    "fields": {
      "anio": "2012", 
      "mes": "JUN", 
      "valor": 5600.0
    }
  }, 
  {
    "pk": 19, 
    "model": "salary_calculator_app.garantiasalarial", 
    "fields": {
      "anio": "2012", 
      "mes": "MAR", 
      "valor": 5600.0
    }
  }, 
  {
    "pk": 20, 
    "model": "salary_calculator_app.garantiasalarial", 
    "fields": {
      "anio": "2012", 
      "mes": "JUN", 
      "valor": 5600.0
    }
  }, 
  {
    "pk": 21, 
    "model": "salary_calculator_app.garantiasalarial", 
    "fields": {
      "anio": "2012", 
      "mes": "MAR", 
      "valor": 5600.0
    }
  }, 
  {
    "pk": 22, 
    "model": "salary_calculator_app.garantiasalarial", 
    "fields": {
      "anio": "2012", 
      "mes": "JUN", 
      "valor": 5600.0
    }
  }, 
  {
    "pk": 23, 
    "model": "salary_calculator_app.garantiasalarial", 
    "fields": {
      "anio": "2012", 
      "mes": "MAR", 
      "valor": 5600.0
    }
  }, 
  {
    "pk": 24, 
    "model": "salary_calculator_app.garantiasalarial", 
    "fields": {
      "anio": "2012", 
      "mes": "JUN", 
      "valor": 5600.0
    }
  }, 
  {
    "pk": 1, 
    "model": "salary_calculator_app.cargouniv", 
    "fields": {
      "ret_fijas": [], 
      "rem_fijas": [], 
      "dedicacion": "D.E", 
      "tipo": 1, 
      "basico_nac": 6831.76, 
      "rem_porcentuales": [
        1, 
        2
      ], 
      "ret_porcentuales": [
        1, 
        2, 
        3, 
        4, 
        5, 
        6, 
        7
      ], 
      "lu": "5", 
      "basico_unc": 6848.33, 
      "adic2003": 81.08, 
      "pampa": "101", 
      "garantia_salarial": [
        3
      ]
    }
  }, 
  {
    "pk": 2, 
    "model": "salary_calculator_app.cargouniv", 
    "fields": {
      "ret_fijas": [], 
      "rem_fijas": [], 
      "dedicacion": "D.S.E", 
      "tipo": 1, 
      "basico_nac": 3415.88, 
      "rem_porcentuales": [
        1, 
        2
      ], 
      "ret_porcentuales": [
        1, 
        2, 
        3, 
        4, 
        5, 
        6, 
        7
      ], 
      "lu": "13", 
      "basico_unc": 3420.72, 
      "adic2003": 23.62, 
      "pampa": "102", 
      "garantia_salarial": [
        4
      ]
    }
  }, 
  {
    "pk": 3, 
    "model": "salary_calculator_app.cargouniv", 
    "fields": {
      "ret_fijas": [], 
      "rem_fijas": [], 
      "dedicacion": "D.S", 
      "tipo": 1, 
      "basico_nac": 1707.94, 
      "rem_porcentuales": [
        1, 
        2
      ], 
      "ret_porcentuales": [
        1, 
        2, 
        3, 
        4, 
        5, 
        6, 
        7
      ], 
      "lu": "27", 
      "basico_unc": 1709.47, 
      "adic2003": 7.51, 
      "pampa": "103", 
      "garantia_salarial": []
    }
  }, 
  {
    "pk": 4, 
    "model": "salary_calculator_app.cargouniv", 
    "fields": {
      "ret_fijas": [], 
      "rem_fijas": [], 
      "dedicacion": "D.E", 
      "tipo": 3, 
      "basico_nac": 6146.54, 
      "rem_porcentuales": [
        1, 
        2
      ], 
      "ret_porcentuales": [
        1, 
        2, 
        3, 
        4, 
        5, 
        6, 
        7
      ], 
      "lu": "6", 
      "basico_unc": 6162.16, 
      "adic2003": 76.41, 
      "pampa": "105", 
      "garantia_salarial": [
        3
      ]
    }
  }, 
  {
    "pk": 5, 
    "model": "salary_calculator_app.cargouniv", 
    "fields": {
      "ret_fijas": [], 
      "rem_fijas": [], 
      "dedicacion": "D.S.E", 
      "tipo": 3, 
      "basico_nac": 3073.27, 
      "rem_porcentuales": [
        1, 
        2
      ], 
      "ret_porcentuales": [
        1, 
        2, 
        3, 
        4, 
        5, 
        6, 
        7
      ], 
      "lu": "8", 
      "basico_unc": 3077.92, 
      "adic2003": 22.77, 
      "pampa": "106", 
      "garantia_salarial": [
        4
      ]
    }
  }, 
  {
    "pk": 6, 
    "model": "salary_calculator_app.cargouniv", 
    "fields": {
      "ret_fijas": [], 
      "rem_fijas": [], 
      "dedicacion": "D.S", 
      "tipo": 3, 
      "basico_nac": 1536.63, 
      "rem_porcentuales": [
        1, 
        2
      ], 
      "ret_porcentuales": [
        1, 
        2, 
        3, 
        4, 
        5, 
        6, 
        7
      ], 
      "lu": "54", 
      "basico_unc": 1538.07, 
      "adic2003": 7.18, 
      "pampa": "107", 
      "garantia_salarial": []
    }
  }, 
  {
    "pk": 7, 
    "model": "salary_calculator_app.cargouniv", 
    "fields": {
      "ret_fijas": [], 
      "rem_fijas": [], 
      "dedicacion": "D.E", 
      "tipo": 4, 
      "basico_nac": 5461.32, 
      "rem_porcentuales": [
        1, 
        2
      ], 
      "ret_porcentuales": [
        1, 
        2, 
        3, 
        4, 
        5, 
        6, 
        7
      ], 
      "lu": "7", 
      "basico_unc": 5474.84, 
      "adic2003": 66.23, 
      "pampa": "109", 
      "garantia_salarial": [
        3
      ]
    }
  }, 
  {
    "pk": 8, 
    "model": "salary_calculator_app.cargouniv", 
    "fields": {
      "ret_fijas": [], 
      "rem_fijas": [], 
      "dedicacion": "D.S.E", 
      "tipo": 4, 
      "basico_nac": 2730.66, 
      "rem_porcentuales": [
        1, 
        2
      ], 
      "ret_porcentuales": [
        1, 
        2, 
        3, 
        4, 
        5, 
        6, 
        7
      ], 
      "lu": "20", 
      "basico_unc": 2734.95, 
      "adic2003": 21.0, 
      "pampa": "110", 
      "garantia_salarial": [
        4
      ]
    }
  }, 
  {
    "pk": 9, 
    "model": "salary_calculator_app.cargouniv", 
    "fields": {
      "ret_fijas": [], 
      "rem_fijas": [], 
      "dedicacion": "D.S", 
      "tipo": 4, 
      "basico_nac": 1365.33, 
      "rem_porcentuales": [
        1, 
        2
      ], 
      "ret_porcentuales": [
        1, 
        2, 
        3, 
        4, 
        5, 
        6, 
        7
      ], 
      "lu": "31", 
      "basico_unc": 1366.62, 
      "adic2003": 6.4, 
      "pampa": "111", 
      "garantia_salarial": []
    }
  }, 
  {
    "pk": 10, 
    "model": "salary_calculator_app.cargouniv", 
    "fields": {
      "ret_fijas": [], 
      "rem_fijas": [], 
      "dedicacion": "D.E", 
      "tipo": 2, 
      "basico_nac": 4776.1, 
      "rem_porcentuales": [
        1, 
        2
      ], 
      "ret_porcentuales": [
        1, 
        2, 
        3, 
        4, 
        5, 
        6, 
        7
      ], 
      "lu": "9", 
      "basico_unc": 4786.34, 
      "adic2003": 58.03, 
      "pampa": "113", 
      "garantia_salarial": [
        3
      ]
    }
  }, 
  {
    "pk": 11, 
    "model": "salary_calculator_app.cargouniv", 
    "fields": {
      "ret_fijas": [], 
      "rem_fijas": [], 
      "dedicacion": "D.S.E", 
      "tipo": 2, 
      "basico_nac": 2388.05, 
      "rem_porcentuales": [
        1, 
        2
      ], 
      "ret_porcentuales": [
        1, 
        2, 
        3, 
        4, 
        5, 
        6, 
        7
      ], 
      "lu": "26", 
      "basico_unc": 2392.05, 
      "adic2003": 19.52, 
      "pampa": "114", 
      "garantia_salarial": [
        4
      ]
    }
  }, 
  {
    "pk": 12, 
    "model": "salary_calculator_app.cargouniv", 
    "fields": {
      "ret_fijas": [], 
      "rem_fijas": [], 
      "dedicacion": "D.S", 
      "tipo": 2, 
      "basico_nac": 1194.02, 
      "rem_porcentuales": [
        1, 
        2
      ], 
      "ret_porcentuales": [
        1, 
        2, 
        3, 
        4, 
        5, 
        6, 
        7
      ], 
      "lu": "32", 
      "basico_unc": 1195.18, 
      "adic2003": 5.73, 
      "pampa": "115", 
      "garantia_salarial": []
    }
  }, 
  {
    "pk": 13, 
    "model": "salary_calculator_app.cargouniv", 
    "fields": {
      "ret_fijas": [], 
      "rem_fijas": [], 
      "dedicacion": "D.E", 
      "tipo": 5, 
      "basico_nac": 4090.87, 
      "rem_porcentuales": [
        1, 
        2
      ], 
      "ret_porcentuales": [
        1, 
        2, 
        3, 
        4, 
        5, 
        6, 
        7
      ], 
      "lu": "14", 
      "basico_unc": 4101.53, 
      "adic2003": 52.23, 
      "pampa": "117", 
      "garantia_salarial": [
        3
      ]
    }
  }, 
  {
    "pk": 14, 
    "model": "salary_calculator_app.cargouniv", 
    "fields": {
      "ret_fijas": [], 
      "rem_fijas": [], 
      "dedicacion": "D.S.E", 
      "tipo": 5, 
      "basico_nac": 2045.44, 
      "rem_porcentuales": [
        1, 
        2
      ], 
      "ret_porcentuales": [
        1, 
        2, 
        3, 
        4, 
        5, 
        6, 
        7
      ], 
      "lu": "28", 
      "basico_unc": 2049.21, 
      "adic2003": 18.49, 
      "pampa": "118", 
      "garantia_salarial": [
        4
      ]
    }
  }, 
  {
    "pk": 15, 
    "model": "salary_calculator_app.cargouniv", 
    "fields": {
      "ret_fijas": [], 
      "rem_fijas": [], 
      "dedicacion": "D.S", 
      "tipo": 6, 
      "basico_nac": 818.17, 
      "rem_porcentuales": [
        1, 
        2
      ], 
      "ret_porcentuales": [
        1, 
        2, 
        3, 
        4, 
        5, 
        6, 
        7
      ], 
      "lu": "36", 
      "basico_unc": 819.12, 
      "adic2003": 4.81, 
      "pampa": "121", 
      "garantia_salarial": []
    }
  }, 
  {
    "pk": 16, 
    "model": "salary_calculator_app.cargouniv", 
    "fields": {
      "ret_fijas": [], 
      "rem_fijas": [], 
      "dedicacion": "D.S", 
      "tipo": 11, 
      "basico_nac": 1022.72, 
      "rem_porcentuales": [
        1, 
        2
      ], 
      "ret_porcentuales": [
        1, 
        2, 
        3, 
        4, 
        5, 
        6, 
        7
      ], 
      "lu": "34", 
      "basico_unc": 1023.8, 
      "adic2003": 5.27, 
      "pampa": "119", 
      "garantia_salarial": []
    }
  }, 
  {
    "pk": 1, 
    "model": "salary_calculator_app.cargopreuniv", 
    "fields": {
      "ret_fijas": [], 
      "rem_fijas": [], 
      "tipo": 30, 
      "basico_nac": 5079.6, 
      "tipo_horas": "R", 
      "ret_porcentuales": [
        2, 
        3, 
        4, 
        5, 
        6, 
        7
      ], 
      "lu": "1", 
      "rem_porcentuales": [
        3, 
        4
      ], 
      "basico_unc": 5079.6, 
      "horas": 25, 
      "pampa": "201", 
      "garantia_salarial": [
        21, 
        22
      ]
    }
  }, 
  {
    "pk": 2, 
    "model": "salary_calculator_app.cargopreuniv", 
    "fields": {
      "ret_fijas": [], 
      "rem_fijas": [], 
      "tipo": 31, 
      "basico_nac": 4830.76, 
      "tipo_horas": "R", 
      "ret_porcentuales": [
        2, 
        3, 
        4, 
        5, 
        6, 
        7
      ], 
      "lu": "2", 
      "rem_porcentuales": [
        3, 
        4
      ], 
      "basico_unc": 4830.76, 
      "horas": 25, 
      "pampa": "202", 
      "garantia_salarial": [
        23, 
        24
      ]
    }
  }, 
  {
    "pk": 1, 
    "model": "salary_calculator_app.antiguedaduniv", 
    "fields": {
      "anio": 0, 
      "porcentaje": 20.0
    }
  }, 
  {
    "pk": 2, 
    "model": "salary_calculator_app.antiguedaduniv", 
    "fields": {
      "anio": 1, 
      "porcentaje": 20.0
    }
  }, 
  {
    "pk": 3, 
    "model": "salary_calculator_app.antiguedaduniv", 
    "fields": {
      "anio": 2, 
      "porcentaje": 20.0
    }
  }, 
  {
    "pk": 4, 
    "model": "salary_calculator_app.antiguedaduniv", 
    "fields": {
      "anio": 5, 
      "porcentaje": 30.0
    }
  }, 
  {
    "pk": 5, 
    "model": "salary_calculator_app.antiguedaduniv", 
    "fields": {
      "anio": 7, 
      "porcentaje": 40.0
    }
  }, 
  {
    "pk": 6, 
    "model": "salary_calculator_app.antiguedaduniv", 
    "fields": {
      "anio": 10, 
      "porcentaje": 50.0
    }
  }, 
  {
    "pk": 7, 
    "model": "salary_calculator_app.antiguedaduniv", 
    "fields": {
      "anio": 12, 
      "porcentaje": 60.0
    }
  }, 
  {
    "pk": 8, 
    "model": "salary_calculator_app.antiguedaduniv", 
    "fields": {
      "anio": 15, 
      "porcentaje": 70.0
    }
  }, 
  {
    "pk": 9, 
    "model": "salary_calculator_app.antiguedaduniv", 
    "fields": {
      "anio": 17, 
      "porcentaje": 80.0
    }
  }, 
  {
    "pk": 10, 
    "model": "salary_calculator_app.antiguedaduniv", 
    "fields": {
      "anio": 20, 
      "porcentaje": 100.0
    }
  }, 
  {
    "pk": 11, 
    "model": "salary_calculator_app.antiguedaduniv", 
    "fields": {
      "anio": 22, 
      "porcentaje": 110.0
    }
  }, 
  {
    "pk": 12, 
    "model": "salary_calculator_app.antiguedaduniv", 
    "fields": {
      "anio": 24, 
      "porcentaje": 120.0
    }
  }, 
  {
    "pk": 1, 
    "model": "salary_calculator_app.antiguedadpreuniv", 
    "fields": {
      "anio": 1, 
      "porcentaje": 10.0
    }
  }, 
  {
    "pk": 2, 
    "model": "salary_calculator_app.antiguedadpreuniv", 
    "fields": {
      "anio": 2, 
      "porcentaje": 15.0
    }
  }, 
  {
    "pk": 3, 
    "model": "salary_calculator_app.antiguedadpreuniv", 
    "fields": {
      "anio": 5, 
      "porcentaje": 30.0
    }
  }, 
  {
    "pk": 4, 
    "model": "salary_calculator_app.antiguedadpreuniv", 
    "fields": {
      "anio": 0, 
      "porcentaje": 0.0
    }
  }, 
  {
    "pk": 5, 
    "model": "salary_calculator_app.antiguedadpreuniv", 
    "fields": {
      "anio": 7, 
      "porcentaje": 40.0
    }
  }, 
  {
    "pk": 6, 
    "model": "salary_calculator_app.antiguedadpreuniv", 
    "fields": {
      "anio": 10, 
      "porcentaje": 50.0
    }
  }, 
  {
    "pk": 7, 
    "model": "salary_calculator_app.antiguedadpreuniv", 
    "fields": {
      "anio": 12, 
      "porcentaje": 60.0
    }
  }, 
  {
    "pk": 8, 
    "model": "salary_calculator_app.antiguedadpreuniv", 
    "fields": {
      "anio": 15, 
      "porcentaje": 70.0
    }
  }, 
  {
    "pk": 9, 
    "model": "salary_calculator_app.antiguedadpreuniv", 
    "fields": {
      "anio": 17, 
      "porcentaje": 80.0
    }
  }, 
  {
    "pk": 10, 
    "model": "salary_calculator_app.antiguedadpreuniv", 
    "fields": {
      "anio": 20, 
      "porcentaje": 100.0
    }
  }, 
  {
    "pk": 11, 
    "model": "salary_calculator_app.antiguedadpreuniv", 
    "fields": {
      "anio": 22, 
      "porcentaje": 110.0
    }
  }, 
  {
    "pk": 12, 
    "model": "salary_calculator_app.antiguedadpreuniv", 
    "fields": {
      "anio": 24, 
      "porcentaje": 120.0
    }
  }, 
  {
    "pk": 1, 
    "model": "salary_calculator_app.aumento", 
    "fields": {
      "anio": "2012", 
      "mes": "MAR", 
      "porcentaje": 12.0
    }
  }, 
  {
    "pk": 2, 
    "model": "salary_calculator_app.aumento", 
    "fields": {
      "anio": "2012", 
      "mes": "JUN", 
      "porcentaje": 18.0
    }
  }, 
  {
    "pk": 1, 
    "model": "salary_calculator_app.retencionporcentual", 
    "fields": {
      "aplicacion": "U", 
      "nombre": "Aporte Fondo Adic. Universitario", 
      "codigo": "203", 
      "porcentaje": 2.0
    }
  }, 
  {
    "pk": 2, 
    "model": "salary_calculator_app.retencionporcentual", 
    "fields": {
      "aplicacion": "T", 
      "nombre": "Jubilaci\u00f3n R\u00e9gimen Especial", 
      "codigo": "209", 
      "porcentaje": 11.0
    }
  }, 
  {
    "pk": 3, 
    "model": "salary_calculator_app.retencionporcentual", 
    "fields": {
      "aplicacion": "T", 
      "nombre": "Caja Complementaria de Jub.", 
      "codigo": "210", 
      "porcentaje": 4.5
    }
  }, 
  {
    "pk": 4, 
    "model": "salary_calculator_app.retencionporcentual", 
    "fields": {
      "aplicacion": "T", 
      "nombre": "Ley 19032 Obra Soc. Jub.", 
      "codigo": "220", 
      "porcentaje": 3.0
    }
  }, 
  {
    "pk": 5, 
    "model": "salary_calculator_app.retencionporcentual", 
    "fields": {
      "aplicacion": "T", 
      "nombre": "DASPU", 
      "codigo": "400", 
      "porcentaje": 3.0
    }
  }, 
  {
    "pk": 6, 
    "model": "salary_calculator_app.retencionporcentual", 
    "fields": {
      "aplicacion": "T", 
      "nombre": "ADIUC - Afiliaci\u00f3n", 
      "codigo": "640", 
      "porcentaje": 1.5
    }
  }, 
  {
    "pk": 7, 
    "model": "salary_calculator_app.retencionporcentual", 
    "fields": {
      "aplicacion": "T", 
      "nombre": "Fondo de Becas", 
      "codigo": "770", 
      "porcentaje": 3.8
    }
  }, 
  {
    "pk": 1, 
    "model": "salary_calculator_app.remuneracionporcentual", 
    "fields": {
      "aplicacion": "U", 
      "nombre": "Adicional T\u00edtulo Doctorado", 
      "codigo": "51", 
      "porcentaje": 15.0
    }
  }, 
  {
    "pk": 2, 
    "model": "salary_calculator_app.remuneracionporcentual", 
    "fields": {
      "aplicacion": "U", 
      "nombre": "Adicional T\u00edtulo Maestr\u00eda", 
      "codigo": "52", 
      "porcentaje": 5.0
    }
  }, 
  {
    "pk": 3, 
    "model": "salary_calculator_app.remuneracionporcentual", 
    "fields": {
      "aplicacion": "P", 
      "nombre": "Adic. T\u00edt. Doctorado Nivel Medio", 
      "codigo": "53", 
      "porcentaje": 15.0
    }
  }, 
  {
    "pk": 4, 
    "model": "salary_calculator_app.remuneracionporcentual", 
    "fields": {
      "aplicacion": "P", 
      "nombre": "Adic. T\u00edt. Maestr\u00eda Nivel Medio", 
      "codigo": "55", 
      "porcentaje": 5.0
    }
  }
]